[
  {
    "id": 1,
    "name": "Education",
    "typeId": 1
  },
  {
    "id": 2,
    "name": "Innovation",
    "typeId": 1
  },
  {
    "id": 3,
    "name": "Culture",
    "typeId": 1
  },
  {
    "id": 4,
    "name": "Events",
    "typeId": 2
  },
  {
    "id": 5,
    "name": "Competitions",
    "typeId": 2
  },
  {
    "id": 6,
    "name": "Coworking/Marker Spaces",
    "typeId": 2
  },
  {
    "id": 7,
    "name": "Platforms",
    "typeId": 2
  },
  {
    "id": 8,
    "name": "Media",
    "typeId": 2
  },
  {
    "id": 9,
    "name": "IP/TTOS & KTOS",
    "typeId": 3
  },
  {
    "id": 10,
    "name": "Science/Tecknology Parks",
    "typeId": 3
  },
  {
    "id": 11,
    "name": "R&D",
    "typeId": 3
  },
  {
    "id": 12,
    "name": "Policy",
    "typeId": 4
  },
  {
    "id": 13,
    "name": "Mentoring",
    "typeId": 4
  },
  {
    "id": 14,
    "name": "Training",
    "typeId": 4
  },
  {
    "id": 15,
    "name": "NGOs",
    "typeId": 4
  },
  {
    "id": 16,
    "name": "Special Abilities",
    "typeId": 4
  },
  {
    "id": 17,
    "name": "Women",
    "typeId": 4
  },
  {
    "id": 18,
    "name": "Incubators",
    "typeId": 4
  },
  {
    "id": 19,
    "name": "Accelerators",
    "typeId": 4
  },
  {
    "id": 20,
    "name": "Business Online",
    "typeId": 4
  },
  {
    "id": 21,
    "name": "Teach Advice",
    "typeId": 4
  },
  {
    "id": 22,
    "name": "Marketing",
    "typeId": 4
  },
  {
    "id": 23,
    "name": "Hiring",
    "typeId": 4
  },
  {
    "id": 24,
    "name": "Accounting",
    "typeId": 4
  },
  {
    "id": 25,
    "name": "Legal Information",
    "typeId": 4
  },
  {
    "id": 26,
    "name": "Preseed",
    "typeId": 5
  },
  {
    "id": 27,
    "name": "seed",
    "typeId": 5
  },
  {
    "id": 28,
    "name": "Business Angles",
    "typeId": 5
  },
  {
    "id": 29,
    "name": "Private Equity",
    "typeId": 5
  },
  {
    "id": 30,
    "name": "Venture capital",
    "typeId": 5
  },
  {
    "id": 31,
    "name": "Growd Funding",
    "typeId": 5
  },
  {
    "id": 32,
    "name": "Grants",
    "typeId": 5
  },
  {
    "id": 33,
    "name": "Donors",
    "typeId": 1
  },
  {
    "id": 34,
    "name": "Credit Gurantees",
    "typeId": 5
  }
]